{
  "project_info": {
    "project_number": "343944980498",
    "project_id": "myhealthapp-1b184",
    "storage_bucket": "myhealthapp-1b184.firebasestorage.app"
  },
  "client": [
    {
      "client_info": {
        "mobilesdk_app_id": "1:343944980498:android:1a38e2c01bc3ccbb6490cb",
        "android_client_info": {
          "package_name": "com.example.myhealth"
        }
      },
      "oauth_client": [],
      "api_key": [
        {
          "current_key": "AIzaSyC9lGhMhV9RN8BCsoYhy7HzInurnAGalNk"
        }
      ],
      "services": {
        "appinvite_service": {
          "other_platform_oauth_client": []
        }
      }
    }
  ],
  "configuration_version": "1"
}